{
    "click_prob": [
        0.1,
        0.16,
        0.28,
        0.52,
        1.0
    ],
    "eta": 1.0,
    "exam_prob": [
        0.68,
        0.61,
        0.48,
        0.34,
        0.28,
        0.2,
        0.11,
        0.1,
        0.08,
        0.06
    ],
    "model_name": "individual_ips_model",
    "weight": [
        -0.1,
        -0.005692682000000001,
        -0.032078125000000006,
        -0.06116792800000001,
        0.063807999,
        0.1,
        0.020537273,
        -0.061056782000000004,
        0.056496459,
        -0.015535264
    ],
    "importance_idx": [
        635,
        374,
        444,
        593,
        380,
        15,
        124,
        448,
        416,
        479
    ]
}